Aeneus_granadas_cave	Outgroup
Aeneus_surface	Outgroup
Escon_1	Escondido
Escon_2	Escondido
Escon_3	Escondido
Escon_4	Escondido
Escon_5	Escondido
Escon_6	Escondido
Escon_7	Escondido
Escon_8	Escondido
Escondido2	Escondido
Mante_T6151_S25	Mante
Mante_T6152_S24	Mante
Mante_T6153_S28	Mante
Mante_T6154_S29	Mante
Mante_T6155_S26	Mante
Mante_T6156_S27	Mante
Mante_T6157_S22	Mante
Mante_T6158_S20	Mante
Mante_T6159_S23	Mante
Mante_T6160_S21	Mante
Pach_11	Pachon
Pach_12	Pachon
Pach_14	Pachon
Pach_15	Pachon
Pach_17	Pachon
Pach_3	Pachon
Pach_7	Pachon
Pach_8	Pachon
Pach_9	Pachon
Pachon2B	Pachon
Pachon_1Gross	Pachon
Pachon_2Gross	Pachon
Pachon_3Gross	Pachon
Pachon_6Boro	Pachon
Pachon_E2POG	Pachon
Pachon_F2POG	Pachon
Pachon_G2POG	Pachon
Pachon_H2POG	Pachon
Pachon_ref	Pachon
Rascon1	Rascon
Rascon2	Rascon
Rascon3	Rascon
Rascon3B	Rascon
Rascon4	Rascon
Rascon5	Rascon
Rascon_12	Rascon
Rascon_13	Rascon
Rascon_15	Rascon
Rascon_16	Rascon
Rascon_2	Rascon
Rascon_4	Rascon
Rascon_8	Rascon
Subter_1POG	Subter
Subter_2POG	Subter
Subter_3POG	Subter
Subter_4POG	Subter
Subter_5POG	Subter
Subter_6POG	Subter
Subter_7POG	Subter
Subter_8POG	Subter
Tinaja1B	Tinaja
Tinaja2B	Tinaja
Tinaja3	Tinaja
Tinaja3B	Tinaja
Tinaja4	Tinaja
Tinaja4B	Tinaja
Tinaja_11	Tinaja
Tinaja_12	Tinaja
Tinaja_1Boro	Tinaja
Tinaja_1Gross	Tinaja
Tinaja_2	Tinaja
Tinaja_2Gross	Tinaja
Tinaja_3	Tinaja
Tinaja_3Gross	Tinaja
Tinaja_5	Tinaja
Tinaja_B	Tinaja
Tinaja_C	Tinaja
Tinaja_D	Tinaja
